"ウィンドウ","前のビュー","Ctrl+Shift+F7","ウィンドウ","org.eclipse.ui.window.previousView"
"ナビゲート","前のタブ","Ctrl+PageUp","ダイアログまたはウィンドウ","org.eclipse.ui.navigate.previousTab"
"AnyEdit ツール","タブをスペースに変換","Ctrl+Alt+Space","ウィンドウ","AnyEdit.CnvrtTabToSpaces.command"
"ソース","出現箇所の注釈の除去","Alt+Shift+U","JavaScript ソースの編集中","org.eclipse.wst.jsdt.ui.edit.text.remove.occurrence.annotations"
"ソース","出現箇所の注釈の除去","Alt+Shift+U","Java ソースの編集","org.eclipse.jdt.ui.edit.text.remove.occurrence.annotations"
"ナビゲート","対応する括弧にジャンプ","Ctrl+Shift+P","JavaScript ソースの編集中","org.eclipse.wst.jsdt.ui.edit.text.java.goto.matching.bracket"
"ナビゲート","対応する括弧にジャンプ","Ctrl+Shift+P","Java ソースの編集","org.eclipse.jdt.ui.edit.text.java.goto.matching.bracket"
"実行/デバッグ","Java アプリケーションをカバレッジ","Alt+Shift+E, J","ウィンドウ","org.eclipse.eclemma.ui.localJavaShortcut.coverage"
"ウィンドウ","エディターのクイック切り替え","Ctrl+E","ウィンドウ","org.eclipse.ui.window.openEditorDropDown"
"ソース","クイック・アシスト - ファイル内の名前変更","Ctrl+2, R","JavaScript ソースの編集中","org.eclipse.wst.jsdt.ui.correction.renameInFile.assist"
"ターミナル・ビュー・コマンド","ターミナル・ビュー挿入","Alt+L","ターミナル入力接続","org.eclipse.tm.terminal.command1"
"SVN","マージ...","Ctrl+Alt+E","ウィンドウ","org.eclipse.team.svn.ui.command.MergeCommand"
"ソース","コメントの切り替え","Ctrl+7","Java ソースの編集","org.eclipse.jdt.ui.edit.text.java.toggle.comment"
"編集","エンクロージング要素の選択","Alt+Shift+Up","Java ソースの編集","org.eclipse.jdt.ui.edit.text.java.select.enclosing"
"ナビゲート","クイック・アウトライン","Ctrl+O","JavaScript ソースの編集中","org.eclipse.wst.jsdt.ui.edit.text.java.show.outline"
"ウィンドウ","構成を開く","Ctrl+Alt+Shift+B, F","ウィンドウ","org.springframework.ide.eclipse.boot.dash.boot.dash.OpenLaunchConfigAction"
"タスク・リポジトリー","タスクを未読としてマーク","Alt+Shift+U","タスク・ビュー","org.eclipse.mylyn.tasks.ui.command.markTaskUnread"
"Git","ブランチの名前変更...","F2","Git リポジトリー・ビュー","org.eclipse.egit.ui.team.RenameBranch"
"テキスト編集","ズームイン","Ctrl+;","テキストの編集","org.eclipse.ui.edit.text.zoomIn"
"実行/デバッグ","JUnit プラグイン・テストをカバレッジ","Alt+Shift+E, P","ウィンドウ","org.eclipse.eclemma.ui.junitPluginShortcut.coverage"
"実行/デバッグ","すべてのブレークポイントをスキップ","Ctrl+Alt+B","ウィンドウ","org.eclipse.debug.ui.commands.SkipAllBreakpoints"
"編集","ブロック・コメントの除去","Ctrl+Shift+\","構造化テキスト・エディターで編集","org.eclipse.wst.sse.ui.remove.block.comment"
"テキスト編集","テキストの末尾","Ctrl+End","テキストの編集","org.eclipse.ui.edit.text.goto.textEnd"
"ウィンドウ","エディター分割の切り替え (水平方向)","Ctrl+\","ウィンドウ","org.eclipse.ui.window.splitEditor"
"実行/デバッグ","デバッグ","F11","ウィンドウ","org.eclipse.debug.ui.commands.DebugLast"
"実行/デバッグ","Java アプレットのデバッグ","Alt+Shift+D, A","ウィンドウ","org.eclipse.jdt.debug.ui.javaAppletShortcut.debug"
"ソース","「囲む」クイック・メニュー","Alt+Shift+Z","ウィンドウ","org.eclipse.jdt.ui.edit.text.java.surround.with.quickMenu"
"ナビゲート","次の編集ロケーション","Ctrl+Alt+Right","ウィンドウ","org.eclipse.ui.edit.text.gotoNextEditPosition"
"ナビゲート","表示...","Alt+Shift+W","ウィンドウ","org.eclipse.ui.navigate.showInQuickMenu"
"ウィンドウ","キー・アシストを表示","Ctrl+Shift+L","ダイアログまたはウィンドウ","org.eclipse.ui.window.showKeyAssist"
"ターミナル・ビュー・コマンド","アクティブ・ビューまたはエディターの最大化","Alt+Up","フォーカスのターミナル制御","org.eclipse.tm.terminal.maximize"
"実行/デバッグ","アドレスにジャンプ","Ctrl+G","テーブル・メモリー・レンダリング内","org.eclipse.debug.ui.command.gotoaddress"
"STS4","シンボルにジャンプ","Ctrl+6","ダイアログまたはウィンドウ","org.springframework.tooling.ls.eclipse.gotosymbol.command"
"ウィンドウ","エディター分割の切り替え (垂直方向)","Ctrl+[","ウィンドウ","org.eclipse.ui.window.splitEditor"
"ソース","クイック・アシスト - 変数への代入","Ctrl+2, F","JavaScript ソースの編集中","org.eclipse.wst.jsdt.ui.correction.assignToField.assist"
"実行/デバッグ","RAP JUnit テストをカバレッジ","Alt+Shift+E, R","ウィンドウ","org.eclipse.eclemma.ui.junitRAPShortcut.coverage"
"ファイル","新規","Ctrl+N","ウィンドウ","org.eclipse.ui.newWizard"
"使用不可のカテゴリー","未定義コマンド","Ctrl+Alt+R","Auto::org.python.pydev.ui.editor.scope","org.python.pydev.debug.setnext"
"リファクタリング - Java","移動 - リファクタリング ","Alt+Shift+V","ウィンドウ","org.eclipse.jdt.ui.edit.text.java.move.element"
"タスク・エディター","パーツの最大化","Ctrl+Shift+M","タスク・エディター","org.eclipse.mylyn.tasks.ui.command.maximizePart"
"ナビゲート","外部 JSDoc を開く","Shift+F2","JavaScript ビュー","org.eclipse.wst.jsdt.ui.edit.text.java.open.external.javadoc"
"SQL エディター","SQL のフォーマット (実験用)","Ctrl+Shift+F","SQL コンテキスト","sqleditor.editor.commands.formatsource"
"ソース","クイック・アシスト - ローカル変数への代入","Ctrl+2, L","JavaScript ソースの編集中","org.eclipse.wst.jsdt.ui.correction.assignToLocal.assist"
"ナビゲート","構造を開く","Ctrl+F3","Java ソースの編集","org.eclipse.jdt.ui.navigate.java.open.structure"
"編集","単語補完","Alt+/","テキストの編集","org.eclipse.ui.edit.text.hippieCompletion"
"テキスト編集","構造のリセット","Ctrl+Shift+Numpad_Multiply","テキストの編集","org.eclipse.ui.edit.text.folding.restore"
"テキスト編集","次の単語","Ctrl+Right","テキストの編集","org.eclipse.ui.edit.text.goto.wordNext"
"SVN","パッチの作成...","Ctrl+Alt+P","ウィンドウ","org.eclipse.team.svn.ui.command.CreatePatchCommand"
"SVN","コミット...","Ctrl+Alt+C","ウィンドウ","org.eclipse.team.svn.ui.command.CommitCommand"
"編集","コメントの切り替え","Ctrl+Shift+C","構造化テキスト・エディターで編集","org.eclipse.wst.sse.ui.toggle.comment"
"ターミナル・ビュー・コマンド","ターミナル・ビュー挿入","Alt+W","ターミナル入力接続","org.eclipse.tm.terminal.command1"
"ウィンドウ","システム・メニューの表示","Alt+-","ウィンドウ","org.eclipse.ui.window.showSystemMenu"
"編集","挿入モードを切り替えます","Ctrl+Shift+Insert","テキストの編集","org.eclipse.ui.edit.text.toggleInsertMode"
"ナビゲート","前の編集ロケーション","Ctrl+Q","ウィンドウ","org.eclipse.ui.edit.text.gotoLastEditPosition"
"ソース","クイック・アシスト - フィールドへの代入","Ctrl+2, F","Java ソースの編集","org.eclipse.jdt.ui.correction.assignToField.assist"
"ソース","コメントの切り替え","Ctrl+Shift+C","Java ソースの編集","org.eclipse.jdt.ui.edit.text.java.toggle.comment"
"ターミナル・ビュー・コマンド","ターミナル・ビュー挿入","Alt+H","ターミナル入力接続","org.eclipse.tm.terminal.command1"
"ナビゲート","リソースを開く","Ctrl+Shift+R","ウィンドウ","org.eclipse.ui.navigate.openResource"
"テキスト編集","行の末尾","End","テキストの編集","org.eclipse.ui.edit.text.goto.lineEnd"
"テキスト編集","ズームアウト","Ctrl+-","テキストの編集","org.eclipse.ui.edit.text.zoomOut"
"ウィンドウ","前のエディター","Ctrl+Shift+F6","ウィンドウ","org.eclipse.ui.window.previousEditor"
"テキスト編集","行のスクロールアップ","Ctrl+Up","テキストの編集","org.eclipse.ui.edit.text.scroll.lineUp"
"ナビゲート","階層で型を開く","Ctrl+Shift+H","JavaScript ビュー","org.eclipse.wst.jsdt.ui.navigate.open.type.in.hierarchy"
"ビュー","ビューの表示 (タスク・リスト)","Alt+Shift+Q, K","ウィンドウ","org.eclipse.ui.views.showView"
"Spring 汎用テキスト・エディター","コメントの切り替え","Ctrl+Shift+C","テキストの編集","org.springframework.tooling.boot.ls.ToggleComment"
"編集","ブロック・コメントの追加","Ctrl+Shift+/","構造化テキスト・エディターで編集","org.eclipse.wst.sse.ui.add.block.comment"
"SVN","リポジトリーから最新","Ctrl+Alt+L","ウィンドウ","org.eclipse.team.svn.ui.command.CompareWithLatestRevisionCommand"
"実行/デバッグ","Ant ビルドのデバッグ","Alt+Shift+D, Q","ウィンドウ","org.eclipse.ant.ui.antShortcut.debug"
"編集","ワード・ラップの切り替え","Alt+Shift+Y","テキストの編集","org.eclipse.ui.edit.text.toggleWordWrap"
"テキスト編集","ズームイン","Ctrl+=","テキストの編集","org.eclipse.ui.edit.text.zoomIn"
"テキスト編集","前の単語を削除","Ctrl+Backspace","テキストの編集","org.eclipse.ui.edit.text.deletePreviousWord"
"カテゴリーなし","マークアップ虎の巻の表示","F1","WikiText マークアップ・ソース・コンテキスト","org.eclipse.mylyn.wikitext.ui.editor.showCheatSheetCommand"
"ナビゲート","階層で型を開く","Ctrl+Shift+H","ウィンドウ","org.eclipse.jdt.ui.navigate.open.type.in.hierarchy"
"実行/デバッグ","トリガー再起動","Ctrl+R","I/O コンソール","org.springframework.ide.eclipse.boot.restart.commands.restart"
"ウィンドウ","アクティブ・ビューまたはエディターの最大化","Ctrl+M","ウィンドウ","org.eclipse.ui.window.maximizePart"
"テキスト編集","1 行上へ移動","Alt+Up","テキストの編集","org.eclipse.ui.edit.text.moveLineUp"
"ビュー","ビューの表示 (ブレークポイント)","Alt+Shift+Q, B","ウィンドウ","org.eclipse.ui.views.showView"
"実行/デバッグ","Eclipse アプリケーションをカバレッジ","Alt+Shift+E, E","ウィンドウ","org.eclipse.eclemma.ui.workbenchShortcut.coverage"
"編集","切り取り","Shift+Delete","ダイアログまたはウィンドウ","org.eclipse.ui.edit.cut"
"ナビゲート","次のタブ","Ctrl+PageDown","ダイアログまたはウィンドウ","org.eclipse.ui.navigate.nextTab"
"テキスト編集","前の単語を選択","Ctrl+Shift+Left","テキストの編集","org.eclipse.ui.edit.text.select.wordPrevious"
"AnyEdit ツール","大文字に変換","Ctrl+Alt+U","テキストの編集","AnyEdit.toUpperCase.command"
"ナビゲート","タスクをアクティブにする","Ctrl+F9","ウィンドウ","org.eclipse.mylyn.tasks.ui.command.activateTask"
"編集","次の要素を選択","Alt+Shift+Right","構造化テキスト・エディターで編集","org.eclipse.wst.sse.ui.structure.select.next"
"実行/デバッグ","ステップ・イン","F11","デバッグ","org.eclipse.debug.ui.commands.StepInto"
"ビュー","ビューの表示 (検索)","Alt+Shift+Q, S","ウィンドウ","org.eclipse.ui.views.showView"
"言語サーバー","フォーマット","Ctrl+Shift+F","テキストの編集","org.eclipse.lsp4e.format"
"ナビゲート","前のメンバーへジャンプ","Ctrl+Shift+Up","JavaScript ソースの編集中","org.eclipse.wst.jsdt.ui.edit.text.java.goto.previous.member"
"Glance","Glance を開く","Ctrl+J","ダイアログまたはウィンドウ","com.xored.glance.commands.open"
"ターミナル・ビュー・コマンド","ターミナル・ビュー挿入","Alt+E","ターミナル入力接続","org.eclipse.tm.terminal.command1"
"編集","すべて選択","Ctrl+A","ダイアログまたはウィンドウ","org.eclipse.ui.edit.selectAll"
"TM4E 言語構成","ブロック・コメントの除去","Ctrl+Shift+\","テキストの編集","org.eclipse.tm4e.languageconfiguration.removeBlockCommentCommand"
"編集","元に戻す","Ctrl+Z","ダイアログまたはウィンドウ","org.eclipse.ui.edit.undo"
"Enhanced Class Decompiler","逆コンパイル","Ctrl+Alt+,","ウィンドウ","org.sf.feeling.decompiler.decompile"
"ビュー","ズームイン","Ctrl+=","ウィンドウ","org.eclipse.gef.zoom_in"
"実行/デバッグ","Scala アプリケーションをカバレッジ","Alt+Shift+E, L","ウィンドウ","org.eclipse.eclemma.ui.scalaShortcut.coverage"
"ナビゲート","Maven POM を開く","Alt+Shift+P","ウィンドウ","org.eclipse.m2e.core.ui.command.openPom"
"ビュー","ビューの表示 (パッケージ・エクスプローラー)","Alt+Shift+Q, P","ウィンドウ","org.eclipse.ui.views.showView"
"テキスト編集","行の結合","Ctrl+Alt+J","テキストの編集","org.eclipse.ui.edit.text.join.lines"
"ソース","フォーマット","Ctrl+Shift+F","Java ソースの編集","org.eclipse.jdt.ui.edit.text.java.format"
"ターミナル・ビュー・コマンド","ターミナル・ビュー挿入","Alt+D","ターミナル入力接続","org.eclipse.tm.terminal.command1"
"実行/デバッグ","Java アプリケーションのデバッグ","F5","ウィンドウ","org.eclipse.jdt.debug.ui.localJavaShortcut.debug"
"ファイル","リフレッシュ","F5","ウィンドウ","org.eclipse.ui.file.refresh"
"タスク・エディター","タスクのサブミット","Alt+Shift+S","タスク・エディター","org.eclipse.mylyn.tasks.ui.command.submitTask"
"編集","前回の選択を復元","Alt+Shift+Down","Java ソースの編集","org.eclipse.jdt.ui.edit.text.java.select.last"
"タスク・リポジトリー","クイック・アウトライン","Ctrl+O","タスク・エディター","org.eclipse.mylyn.task.ui.editor.QuickOutline"
"実行/デバッグ","メモリー・モニター・ペインを切り替え","Ctrl+T","メモリー・ビュー内","org.eclipse.debug.ui.commands.toggleMemoryMonitorsPane"
"ターミナル・ビュー・コマンド","ターミナル・ビュー挿入","Alt+P","ターミナル入力接続","org.eclipse.tm.terminal.command1"
"テキスト編集","上書きの切り替え","Insert","テキストの編集","org.eclipse.ui.edit.text.toggleOverwrite"
"リファクタリング - Java","メソッド・シグネチャーの変更","Alt+Shift+C","ウィンドウ","org.eclipse.jdt.ui.edit.text.java.modify.method.parameters"
"テキスト編集","縮小","Ctrl+Numpad_Subtract","テキストの編集","org.eclipse.ui.edit.text.folding.collapse"
"編集","クイック Diff 切り替え","Ctrl+Shift+Q","テキストの編集","org.eclipse.quickdiff.toggle"
"編集","Maven 依存関係の追加","Ctrl+Shift+D","XML ソースの編集","org.eclipse.m2e.core.ui.command.addDependency"
"ナビゲート","クイック階層","Ctrl+T","Java ソースの編集","org.eclipse.jdt.ui.edit.text.java.open.hierarchy"
"Spring 汎用テキスト・エディター","コメントの切り替え","Ctrl+/","テキストの編集","org.springframework.tooling.boot.ls.ToggleComment"
"ウィンドウ","(再) 起動","Ctrl+Alt+Shift+B, R","ウィンドウ","org.springframework.ide.eclipse.boot.dash.boot.dash.RestartAction"
"SVN","リポジトリーと同期化","Ctrl+Alt+S","ウィンドウ","org.eclipse.team.svn.ui.command.SynchronizeCommand"
"実行/デバッグ","前のメモリー・ページ","Ctrl+Shift+,","テーブル・メモリー・レンダリング内","org.eclipse.debug.ui.command.prevpage"
"AnyEdit ツール","カーソル上のファイルを開く","Ctrl+Alt+R","テキストの編集","AnyEdit.openFileFromTextEditor.command"
"実行/デバッグ","実行","Ctrl+U","ウィンドウ","org.eclipse.jdt.debug.ui.commands.Execute"
"カテゴリーなし","コミット ID のコピー","Ctrl+C","Git 参照ログ・ビュー内","org.eclipse.egit.ui.internal.reflog.CopyCommand"
"実行/デバッグ","サーバーでデバッグ","Alt+Shift+D, R","ウィンドウ","org.eclipse.wst.server.launchShortcut.debug"
"ターミナル・ビュー・コマンド","ターミナル・ビュー挿入","Alt+F","ターミナル入力接続","org.eclipse.tm.terminal.command1"
"ソース","インポートの編成","Ctrl+Shift+O","ウィンドウ","org.eclipse.jdt.ui.edit.text.java.organize.imports"
"編集","クイック・フィックス","Ctrl+1","ダイアログまたはウィンドウ","org.eclipse.jdt.ui.edit.text.java.correction.assist.proposals"
"実行/デバッグ","EOF","Ctrl+Z","I/O コンソール","org.eclipse.debug.ui.commands.eof"
"ソース","フォーマット","Ctrl+Shift+F","JavaScript ソースの編集中","org.eclipse.wst.jsdt.ui.edit.text.java.format"
"編集","削除","Delete","ウィンドウ","org.eclipse.ui.edit.delete"
"実行/デバッグ","終了","Ctrl+F2","デバッグ","org.eclipse.debug.ui.commands.Terminate"
"ソース","コメントの切り替え","Ctrl+/","Java ソースの編集","org.eclipse.jdt.ui.edit.text.java.toggle.comment"
"ソース","クラス・ファイルの注釈","Ctrl+1","添付 Java ソースの参照","org.eclipse.jdt.ui.edit.text.java.annotate.classFile"
"編集","前の要素を選択","Alt+Shift+Left","Java ソースの編集","org.eclipse.jdt.ui.edit.text.java.select.previous"
"ウィンドウ","設定","F10","ウィンドウ","org.eclipse.ui.window.preferences"
"ナビゲート","一致する文字","Ctrl+Shift+P","構造化テキスト・エディターで編集","org.eclipse.wst.sse.ui.goto.matching.bracket"
"編集","次の要素を選択","Alt+Shift+Right","Java ソースの編集","org.eclipse.jdt.ui.edit.text.java.select.next"
"編集","次の兄弟","Ctrl+Shift+Down","構造化テキスト・エディターで編集","org.eclipse.wst.xml.ui.nextSibling"
"編集","次を検索","Ctrl+K","ウィンドウ","org.eclipse.ui.edit.findNext"
"実行/デバッグ","Java アプレットの実行","Alt+Shift+X, A","ウィンドウ","org.eclipse.jdt.debug.ui.javaAppletShortcut.run"
"ソース","ブロック・コメントの除去","Ctrl+Shift+\","Java ソースの編集","org.eclipse.jdt.ui.edit.text.java.remove.block.comment"
"ソース","コメントの切り替え","Ctrl+Shift+C","プロパティー・ファイルの編集中","org.eclipse.jdt.ui.edit.text.java.toggle.comment"
"ナビゲート","前の編集ロケーション","Ctrl+Alt+Left","ウィンドウ","org.eclipse.ui.edit.text.gotoLastEditPosition"
"ターミナル・ビュー・コマンド","ターミナル・ビュー挿入","Alt+S","ターミナル入力接続","org.eclipse.tm.terminal.command1"
"Glance","Glance を閉じる","Esc","Glance 検索コンテキスト","com.xored.glance.commands.close"
"編集","選択の反転","Ctrl+Shift+*","zip ファイルの編集中","zipeditor.command.reverseSelection"
"ターミナル・ビュー・コマンド","ターミナル・ビュー挿入","Alt+R","ターミナル入力接続","org.eclipse.tm.terminal.command1"
"ウィンドウ","エディター分割の切り替え (垂直方向)","Ctrl+{","ウィンドウ","org.eclipse.ui.window.splitEditor"
"ナビゲート","クイック・アウトライン","Ctrl+O","Java ソースの編集","org.eclipse.jdt.ui.edit.text.java.show.outline"
"編集","前を検索","Ctrl+Shift+K","ウィンドウ","org.eclipse.ui.edit.findPrevious"
"リファクタリング - Java","インライン化","Alt+Shift+I","ウィンドウ","org.eclipse.jdt.ui.edit.text.java.inline"
"Glance","次の一致","Enter","Glance 検索コンテキスト","com.xored.glance.ui.nextResult"
"ビュー","ビューの表示 (ヒストリー)","Alt+Shift+Q, Z","ウィンドウ","org.eclipse.ui.views.showView"
"編集","フォーマット","Ctrl+Shift+F","構造化テキスト・エディターで編集","org.eclipse.wst.sse.ui.format.document"
"ソース","クイック・アシスト - ローカル変数への代入","Ctrl+2, L","Java ソースの編集","org.eclipse.jdt.ui.correction.assignToLocal.assist"
"実行/デバッグ","ステップ・リターン","Shift+F11","デバッグ","org.eclipse.debug.ui.commands.StepReturn"
"Quick JUnit","JUnit テスト","Ctrl+0","テキストの編集","junit.extensions.eclipse.quick.command.JUnitRunAction"
"AnyEdit ツール","文字を HTML エンティティーに変換","Ctrl+Alt+E","テキストの編集","AnyEdit.escape.command"
"ナビゲート","パンくずリストで表示","Alt+Shift+B","Java ソースの編集","org.eclipse.jdt.ui.edit.text.java.gotoBreadcrumb"
"使用不可のカテゴリー","未定義コマンド","Ctrl+Alt+Shift+Space","テキストの編集","org.eclipse.recommenders.snipmatch.rcp.commands.completion"
"テキスト編集","すべて展開","Ctrl+Numpad_Multiply","テキストの編集","org.eclipse.ui.edit.text.folding.expand_all"
"ターミナル・ビュー・コマンド","貼り付け","Shift+Insert","フォーカスのターミナル制御","org.eclipse.tm.terminal.paste"
"フォーカス UI","目印にする","Ctrl+Alt+Shift+Up","ウィンドウ","org.eclipse.mylyn.context.ui.commands.interest.increment"
"ウィンドウ","次のエディター","Ctrl+F6","ウィンドウ","org.eclipse.ui.window.nextEditor"
"サーバー","実行","Ctrl+Alt+R","サーバー・ビュー","org.eclipse.wst.server.run"
"リファクタリング - Java","名前変更 - リファクタリング ","Ctrl+R, Ctrl+R","Java ソースの編集","org.eclipse.jdt.ui.edit.text.java.rename.element"
"フォーカス UI","コンテキスト・クイック・ビューの表示","Ctrl+Alt+Shift+Right","ウィンドウ","org.eclipse.mylyn.context.ui.commands.open.context.dialog"
"タスク・リポジトリー","ツールチップ説明の表示","F4","タスク・ビュー","org.eclipse.mylyn.tasks.ui.command.showToolTip"
"実行/デバッグ","ステップ・オーバー","F10","デバッグ","org.eclipse.debug.ui.commands.StepOver"
"フォーカス UI","関心ありにする","Ctrl+Alt+Shift+Down","ウィンドウ","org.eclipse.mylyn.context.ui.commands.interest.decrement"
"ナビゲート","型階層を開く","F4","JavaScript ビュー","org.eclipse.wst.jsdt.ui.edit.text.java.open.type.hierarchy"
"ビュー","ビューの表示 (エラー・ログ)","Alt+Shift+Q, L","ウィンドウ","org.eclipse.ui.views.showView"
"実行/デバッグ","TestNG テストをカバレッジ","Alt+Shift+E, N","ウィンドウ","org.eclipse.eclemma.ui.testNgShortcut.coverage"
"ウィンドウ","エディター分割の切り替え (水平方向)","Ctrl+Shift+-","ウィンドウ","org.eclipse.ui.window.splitEditor"
"実行/デバッグ","新規レンダリング","Ctrl+N","メモリー・ビュー内","org.eclipse.debug.ui.commands.newRendering"
"Buildship","Gradle プロジェクトのリフレッシュ","Ctrl+R","ウィンドウ","org.eclipse.buildship.ui.commands.refreshproject"
"テキスト編集","1 行下へ移動","Alt+Down","テキストの編集","org.eclipse.ui.edit.text.moveLineDown"
"Glance","Glance を開く","Ctrl+Alt+F","ダイアログまたはウィンドウ","com.xored.glance.commands.open"
"AnyEdit ツール","HTML エンティティーを文字に変換","Ctrl+Alt+W","テキストの編集","AnyEdit.unescape.command"
"ソース","Checkstyle フィックスの適用","Ctrl+Alt+C","Java ソースの編集","CheckstylePlugin.ApplyCheckstyleFixes"
"Enhanced Class Decompiler","逆コンパイル","Ctrl+Alt+.","ウィンドウ","org.sf.feeling.decompiler.debugMode"
"テキスト編集","縮小","Ctrl+Shift+Numpad_Subtract","テキストの編集","org.eclipse.ui.edit.text.folding.collapse"
"編集","ファイル内での出現箇所","Ctrl+Shift+A","構造化テキスト・エディターで編集","org.eclipse.wst.sse.ui.search.find.occurrences"
"Quick JUnit","JUnit デバッグ","Ctrl+Shift+0","テキストの編集","junit.extensions.eclipse.quick.command.JUnitDebugAction"
"テキスト編集","展開","Ctrl+Numpad_Add","テキストの編集","org.eclipse.ui.edit.text.folding.expand"
"実行/デバッグ","表示","Ctrl+Shift+D","ダイアログまたはウィンドウ","org.eclipse.jdt.debug.ui.commands.Display"
"編集","貼り付け","Shift+Insert","ダイアログまたはウィンドウ","org.eclipse.ui.edit.paste"
"タスク・リポジトリー","タスクを完了としてマーク","Alt+Shift+C","タスク・ビュー","org.eclipse.mylyn.tasks.ui.command.markTaskComplete"
"検索","ワークスペース内の宣言","Ctrl+G","ウィンドウ","org.eclipse.jdt.ui.edit.text.java.search.declarations.in.workspace"
"ナビゲート","クイック・アウトライン","Ctrl+O","WikiText マークアップ・ソース・コンテキスト","org.eclipse.mylyn.wikitext.ui.quickOutlineCommand"
"ターミナル・ビュー・コマンド","ターミナル・ビュー挿入","Alt+V","ターミナル入力接続","org.eclipse.tm.terminal.command1"
"タスク・リポジトリー","タスクを完了としてマーク","Alt+Shift+C","タスク・エディター","org.eclipse.mylyn.tasks.ui.command.markTaskComplete"
"タスク・リポジトリー","新規ローカル・タスク","Insert","タスク・ビュー","org.eclipse.mylyn.tasks.ui.command.new.local.task"
"実行/デバッグ","JUnit テストの実行","Alt+Shift+X, T","ウィンドウ","org.eclipse.jdt.junit.junitShortcut.run"
"ソース","フォーマット","Ctrl+Shift+F","Ant ビルド・ファイルの編集","org.eclipse.jdt.ui.edit.text.java.format"
"ナビゲート","クイック・アウトライン","Ctrl+O","構造化テキスト・エディターで編集","org.eclipse.wst.sse.ui.quick_outline"
"カテゴリーなし","対応する括弧にジャンプ","Ctrl+Shift+P","汎用コード・エディター内","org.eclipse.ui.genericeditor.gotoMatchingBracket"
"リファクタリング - Java","ローカル変数の抽出","Alt+Shift+L","ウィンドウ","org.eclipse.jdt.ui.edit.text.java.extract.local.variable"
"ナビゲート","クリップボードから開く","Ctrl+Shift+V","ウィンドウ","org.eclipse.jdt.debug.ui.command.OpenFromClipboard"
"SVN","リビジョンへ更新","Ctrl+Alt+D","ウィンドウ","org.eclipse.team.svn.ui.command.UpdateToRevisionCommand"
"ファイル","新規メニュー","Alt+Shift+N","ウィンドウ","org.eclipse.ui.file.newQuickMenu"
"ソース","コメントの切り替え","Ctrl+7","JavaScript ソースの編集中","org.eclipse.wst.jsdt.ui.edit.text.java.toggle.comment"
"ソース","コメントの切り替え","Ctrl+/","プロパティー・ファイルの編集中","org.eclipse.jdt.ui.edit.text.java.toggle.comment"
"編集","前回の選択を復元","Alt+Shift+Down","構造化テキスト・エディターで編集","org.eclipse.wst.sse.ui.structure.select.last"
"ソース","出現箇所のマークのトグル","Alt+Shift+O","JavaScript ソースの編集中","org.eclipse.wst.jsdt.ui.edit.text.java.toggleMarkOccurrences"
"検索","ワークスペース内の宣言","Ctrl+G","JavaScript ビュー","org.eclipse.wst.jsdt.ui.edit.text.java.search.declarations.in.workspace"
"ウィンドウ","(再) デバッグ","Ctrl+Alt+Shift+B, D","ウィンドウ","org.springframework.ide.eclipse.boot.dash.boot.dash.RedebugAction"
"ファイル","閉じる","Ctrl+F4","ウィンドウ","org.eclipse.ui.file.close"
"テキスト編集","小文字に変更","Ctrl+Shift+Y","テキストの編集","org.eclipse.ui.edit.text.lowerCase"
"Git","作業ツリーを縮小表示","Ctrl+Left","Git リポジトリー・ビュー","org.eclipse.egit.ui.RepositoriesViewCollapseWorkingTree"
"テキスト編集","ハイパーリンクを開く","F3","汎用コード・エディター内","org.eclipse.ui.edit.text.open.hyperlink"
"ファイル","すべて保存","Ctrl+Shift+S","ウィンドウ","org.eclipse.ui.file.saveAll"
"編集","ブロック選択の切り替え","Alt+Shift+A","テキストの編集","org.eclipse.ui.edit.text.toggleBlockSelectionMode"
"実行/デバッグ","Maven ビルドの実行","Alt+Shift+X, M","ウィンドウ","org.eclipse.m2e.core.pomFileAction.run"
"ナビゲート","前のサブ・タブ","Alt+PageUp","ダイアログまたはウィンドウ","org.eclipse.ui.navigate.previousSubTab"
"テキスト編集","すべて縮小表示","Ctrl+Shift+Numpad_Divide","テキストの編集","org.eclipse.ui.edit.text.folding.collapse_all"
"ナビゲート","タスクの非アクティブ化","Ctrl+Shift+F9","ウィンドウ","org.eclipse.mylyn.tasks.ui.command.deactivateAllTasks"
"ビュー","ビューの表示 (同期化)","Alt+Shift+Q, Y","ウィンドウ","org.eclipse.ui.views.showView"
"ソース","外部ドキュメントを開く","Shift+F2","Ant ビルド・ファイルの編集","org.eclipse.ant.ui.openExternalDoc"
"ビュー","ビューの表示 (虎の巻)","Alt+Shift+Q, H","ウィンドウ","org.eclipse.ui.views.showView"
"ターミナル・ビュー・コマンド","貼り付け","Ctrl+Shift+V","フォーカスのターミナル制御","org.eclipse.tm.terminal.paste"
"ナビゲート","呼び出し階層を開く","Ctrl+Alt+H","ウィンドウ","org.eclipse.jdt.ui.edit.text.java.open.call.hierarchy"
"ナビゲート","すべて展開","Ctrl+Shift+Numpad_Multiply","ウィンドウ","org.eclipse.ui.navigate.expandAll"
"プロジェクト","すべてビルド","Ctrl+B","ウィンドウ","org.eclipse.ui.project.buildAll"
"ファイル","保存","Ctrl+S","ウィンドウ","org.eclipse.ui.file.save"
"ウィンドウ","停止","Ctrl+Alt+Shift+B, S","ウィンドウ","org.springframework.ide.eclipse.boot.dash.boot.dash.StopAction"
"タスク・リポジトリー","タスクを既読としてマーク","Alt+Shift+R","タスク・エディター","org.eclipse.mylyn.tasks.ui.command.markTaskRead"
"テキスト編集","行をコピー","Ctrl+Alt+Down","テキストの編集","org.eclipse.ui.edit.text.copyLineDown"
"サーバー","停止","Ctrl+Alt+S","サーバー・ビュー","org.eclipse.wst.server.stop"
"ファイル","名前変更","F2","ウィンドウ","org.eclipse.ui.edit.rename"
"ナビゲート","前ページ","Alt+Shift+F7","ウィンドウ","org.eclipse.ui.part.previousPage"
"ナビゲート","リモートのタスクを開く","Ctrl+Alt+Shift+F12","ウィンドウ","org.eclipse.mylyn.tasks.ui.command.openRemoteTask"
"SQL エディター","コメントの切り替え","Ctrl+7","SQL コンテキスト","sqleditor.editor.commands.source.toggleComment"
"ソース","クイック・アシスト - メソッドの抽出","Ctrl+2, M","Java ソースの編集","org.eclipse.jdt.ui.correction.extractMethodInplace.assist"
"テキスト編集","行のスクロールダウン","Ctrl+Down","テキストの編集","org.eclipse.ui.edit.text.scroll.lineDown"
"SVN","svn:ignore に追加...","Ctrl+Alt+I","ウィンドウ","org.eclipse.team.svn.ui.command.AddToSVNIgnoreCommand"
"編集","コピー","Ctrl+C","ダイアログまたはウィンドウ","org.eclipse.ui.edit.copy"
"ソース","コメントの切り替え","Ctrl+Shift+C","JavaScript ソースの編集中","org.eclipse.wst.jsdt.ui.edit.text.java.toggle.comment"
"ソース","行のインデント","Ctrl+I","JavaScript ソースの編集中","org.eclipse.wst.jsdt.ui.edit.text.java.indent"
"テキスト編集","行を削除","Ctrl+D","テキストの編集","org.eclipse.ui.edit.text.delete.line"
"AnyEdit ツール","スペースをタブに変換","Ctrl+Alt+Tab","テキストの編集","AnyEdit.CnvrtSpacesToTabs.command"
"ウィンドウ","ルーラー・コンテキスト・メニューの表示","Ctrl+F10","テキストの編集","org.eclipse.ui.edit.text.showRulerContextMenu"
"TM4E 言語構成","ブロック・コメントの追加","Ctrl+Shift+/","テキストの編集","org.eclipse.tm4e.languageconfiguration.addBlockCommentCommand"
"Glance","ヒストリーのクリア","Ctrl+Shift+Backspace","Glance 検索コンテキスト","com.xored.glance.commands.clearHistory"
"ターミナル・ビュー・コマンド","クイック・アクセス","Alt+Right","フォーカスのターミナル制御","org.eclipse.tm.terminal.quickaccess"
"実行/デバッグ","次のメモリー・ページ","Ctrl+Shift+.","テーブル・メモリー・レンダリング内","org.eclipse.debug.ui.command.nextpage"
"編集","切り取り","Ctrl+X","ダイアログまたはウィンドウ","org.eclipse.ui.edit.cut"
"ターミナル・ビュー・コマンド","コピー","Ctrl+Insert","フォーカスのターミナル制御","org.eclipse.tm.terminal.copy"
"テキスト編集","ズームアウト","Ctrl+Numpad_Subtract","テキストの編集","org.eclipse.ui.edit.text.zoomOut"
"編集","一致するタグ","Ctrl+Shift+>","構造化テキスト・エディターで編集","org.eclipse.wst.xml.ui.gotoMatchingTag"
"タスク・リポジトリー","タスクを未完了としてマーク","Alt+Shift+I","タスク・エディター","org.eclipse.mylyn.tasks.ui.command.markTaskIncomplete"
"編集","インポートの追加(&P)","Ctrl+Shift+M","JSP ソースの編集","org.eclipse.jst.jsp.ui.add.imports"
"ファイル","閉じる","Ctrl+W","ウィンドウ","org.eclipse.ui.file.close"
"ナビゲート","クイック・アウトライン","Ctrl+O","zip ファイルの編集中","zipeditor.command.quickOutline"
"ソース","宣言を開く","F3","Ant ビルド・ファイルの編集","org.eclipse.ant.ui.open.declaration.command"
"テキスト編集","テキストの先頭","Ctrl+Home","テキストの編集","org.eclipse.ui.edit.text.goto.textStart"
"実行/デバッグ","インスペクション","Ctrl+Shift+I","ダイアログまたはウィンドウ","org.eclipse.jdt.debug.ui.commands.Inspect"
"ナビゲート","ヒストリーを進む","Alt+Right","ウィンドウ","org.eclipse.ui.navigate.forwardHistory"
"ナビゲート","型を開く","Ctrl+Shift+T","ウィンドウ","org.eclipse.jdt.ui.navigate.open.type"
"実行/デバッグ","強制リターン","Alt+Shift+F","ウィンドウ","org.eclipse.jdt.debug.ui.commands.ForceReturn"
"実行/デバッグ","Spring Boot アプリのデバッグ","Alt+Shift+D, B","ウィンドウ","org.springsource.ide.eclipse.boot.BootLaunchShortcut.debug"
"カテゴリーなし","参照の検索","Ctrl+Shift+G","汎用コード・エディター内","org.eclipse.ui.genericeditor.findReferences"
"ナビゲート","呼び出し階層を開く","Ctrl+Alt+H","JavaScript ビュー","org.eclipse.wst.jsdt.ui.edit.text.java.open.call.hierarchy"
"実行/デバッグ","SWTBot テストをカバレッジ","Alt+Shift+E, S","ウィンドウ","org.eclipse.eclemma.ui.swtBotJunitShortcut.coverage"
"SVN","更新","Ctrl+Alt+U","ウィンドウ","org.eclipse.team.svn.ui.command.UpdateCommand"
"タスク・リポジトリー","タスクを既読としてマークし、前の未読タスクへジャンプ","Alt+Shift+Up","タスク・ビュー","org.eclipse.mylyn.tasks.ui.command.markTaskReadGoToPreviousUnread"
"ナビゲート","宣言を開く","F3","JavaScript ビュー","org.eclipse.wst.jsdt.ui.edit.text.java.open.editor"
"テキスト編集","行を複写","Ctrl+Alt+Up","テキストの編集","org.eclipse.ui.edit.text.copyLineUp"
"Quick JUnit","テスティングペアを開く","Ctrl+9","テキストの編集","junit.extensions.eclipse.quick.command.OpenTestingPairAction"
"ターミナル・ビュー・コマンド","ターミナル・ビュー挿入","Alt+G","ターミナル入力接続","org.eclipse.tm.terminal.command1"
"編集","前の兄弟","Ctrl+Shift+Up","構造化テキスト・エディターで編集","org.eclipse.wst.xml.ui.previousSibling"
"実行/デバッグ","Gradle テストの実行","Ctrl+Alt+X, G","ウィンドウ","org.eclipse.buildship.ui.shortcut.test.run"
"Glance","直前の一致","Shift+Enter","Glance 検索コンテキスト","com.xored.glance.ui.prevResult"
"Git","プル","Ctrl+Alt+Shift+P","ウィンドウ","org.eclipse.egit.ui.team.Pull"
"Glance","フォーカス・バックで戻る","Ctrl+J","Glance 検索コンテキスト","com.xored.glance.commands.focus"
"ターミナル・ビュー・コマンド","ターミナル・ビュー挿入","Alt+B","ターミナル入力接続","org.eclipse.tm.terminal.command1"
"ソース","テキスト・ブロックの追加","Ctrl+Shift+'","Java ソースの編集","org.eclipse.jdt.ui.edit.text.java.add.textblock"
"ナビゲート","次ページ","Alt+F7","ウィンドウ","org.eclipse.ui.part.nextPage"
"ソース","コメントの切り替え","Ctrl+/","JavaScript ソースの編集中","org.eclipse.wst.jsdt.ui.edit.text.java.toggle.comment"
"ウィンドウ","全画面の切り替え","Alt+F11","ダイアログまたはウィンドウ","org.eclipse.ui.window.fullscreenmode"
"ナビゲート","前へ","Ctrl+,","ウィンドウ","org.eclipse.ui.navigate.previous"
"ソース","Javadoc コメントの追加","Alt+Shift+J","ウィンドウ","org.eclipse.jdt.ui.edit.text.java.add.javadoc.comment"
"編集","移動","Alt+Shift+V","JSP ソースの編集","org.eclipse.jst.jsp.ui.refactor.move"
"ソース","コメントの切り替え","Ctrl+7","プロパティー・ファイルの編集中","org.eclipse.jdt.ui.edit.text.java.toggle.comment"
"検索","ワークスペース内の参照","Ctrl+Shift+G","JavaScript ビュー","org.eclipse.wst.jsdt.ui.edit.text.java.search.references.in.workspace"
"ファイル","名前変更","Ctrl+R, Ctrl+R","汎用コード・エディター内","org.eclipse.ui.edit.rename"
"ソース","ブロック・コメントの追加","Ctrl+Shift+/","Java ソースの編集","org.eclipse.jdt.ui.edit.text.java.add.block.comment"
"実行/デバッグ","再開","F5","デバッグ","org.eclipse.debug.ui.commands.Resume"
"ソース","JSdoc コメントの追加","Alt+Shift+J","JavaScript ビュー","org.eclipse.wst.jsdt.ui.edit.text.java.add.javadoc.comment"
"サーバー","公開","Ctrl+Alt+P","サーバー・ビュー","org.eclipse.wst.server.publish"
"実行/デバッグ","ブレークポイントの切り替え","Ctrl+Shift+B","ウィンドウ","org.eclipse.debug.ui.commands.ToggleBreakpoint"
"ソース","ファイル内の名前変更","Alt+Shift+R","Ant ビルド・ファイルの編集","org.eclipse.ant.ui.renameInFile"
"SVN","注釈の表示...","Ctrl+Alt+A","ウィンドウ","org.eclipse.team.svn.ui.command.ShowAnnotationCommand"
"実行/デバッグ","サーバーで実行","Alt+Shift+X, R","ウィンドウ","org.eclipse.wst.server.launchShortcut.run"
"編集","エンクロージング要素の選択","Alt+Shift+Up","構造化テキスト・エディターで編集","org.eclipse.wst.sse.ui.structure.select.enclosing"
"ナビゲート","型を開く","Ctrl+Shift+T","JavaScript ソースの編集中","org.eclipse.wst.jsdt.ui.navigate.open.type"
"ターミナル・コマンド","選択されたローカル・ターミナルを開く","Ctrl+Alt+Shift+T","ウィンドウ","org.eclipse.tm.terminal.view.ui.command.launchToolbar"
"ナビゲート","すべて縮小表示","Ctrl+Shift+Numpad_Divide","ウィンドウ","org.eclipse.ui.navigate.collapseAll"
"ナビゲート","タスクを開く","Ctrl+F12","ウィンドウ","org.eclipse.mylyn.tasks.ui.command.openTask"
"ソース","クイック・アシスト - 新規 try-with-resources ブロックの変数に割り当て","Ctrl+2, T","Java ソースの編集","org.eclipse.jdt.ui.correction.assignInTryWithResources.assist"
"テキスト編集","現在行の下に行を挿入","Shift+Enter","テキストの編集","org.eclipse.ui.edit.text.smartEnter"
"ビュー","ビューの表示 (アウトライン)","Alt+Shift+Q, O","ウィンドウ","org.eclipse.ui.views.showView"
"ウィンドウ","次のビュー","Ctrl+F7","ウィンドウ","org.eclipse.ui.window.nextView"
"実行/デバッグ","カバレッジ","Ctrl+Shift+F11","ウィンドウ","org.eclipse.eclemma.ui.commands.CoverageLast"
"リファクタリング - Java","リファクタリング・クイック・メニューの表示","Alt+Shift+T","ウィンドウ","org.eclipse.jdt.ui.edit.text.java.refactor.quickMenu"
"ターミナル・ビュー・コマンド","ターミナル・ビュー挿入","Alt+Y","ターミナル入力接続","org.eclipse.tm.terminal.command1"
"Git","コミット...","Ctrl+#","ウィンドウ","org.eclipse.egit.ui.team.Commit"
"ナビゲート","次のサブ・タブ","Alt+PageDown","ダイアログまたはウィンドウ","org.eclipse.ui.navigate.nextSubTab"
"ターミナル・ビュー・コマンド","コピー","Ctrl+Shift+C","フォーカスのターミナル制御","org.eclipse.tm.terminal.copy"
"AnyEdit ツール","キャメル <-> アンダースコアーの変換","Ctrl+Alt+K","テキストの編集","AnyEdit.camel.command"
"テキスト編集","現在行の上に行を挿入","Ctrl+Shift+Enter","テキストの編集","org.eclipse.ui.edit.text.smartEnterInverse"
"検索","ファイル・クイック・メニュー内での出現箇所を表示","Ctrl+Shift+U","ウィンドウ","org.eclipse.jdt.ui.edit.text.java.search.occurrences.in.file.quickMenu"
"ナビゲート","次のメンバーへジャンプ","Ctrl+Shift+Down","Java ソースの編集","org.eclipse.jdt.ui.edit.text.java.goto.next.member"
"言語サーバー","ファイル内のシンボルにジャンプ","Ctrl+O","テキストの編集","org.eclipse.lsp4e.symbolinfile"
"編集","前の要素を選択","Alt+Shift+Left","構造化テキスト・エディターで編集","org.eclipse.wst.sse.ui.structure.select.previous"
"ターミナル・ビュー・コマンド","ターミナル・ビュー挿入","Alt+T","ターミナル入力接続","org.eclipse.tm.terminal.command1"
"ソース","クイック・アシスト - ファイル内の名前変更","Ctrl+2, R","Java ソースの編集","org.eclipse.jdt.ui.correction.renameInFile.assist"
"ソース","インポートの追加","Ctrl+Shift+M","Java ソースの編集","org.eclipse.jdt.ui.edit.text.java.add.import"
"ウィンドウ","次のパースペクティブ","Ctrl+F8","ウィンドウ","org.eclipse.ui.window.nextPerspective"
"言語サーバー","エンクロージング要素","Alt+Shift+Up","汎用コード・エディター内","org.eclipse.lsp4e.selectionRange.up"
"編集","選択を開く","F3","構造化テキスト・エディターで編集","org.eclipse.wst.sse.ui.open.file.from.source"
"編集","検索と置換","Ctrl+F","ウィンドウ","org.eclipse.ui.edit.findReplace"
"ウィンドウ","エディターの切り替え","Ctrl+Shift+E","ウィンドウ","org.eclipse.ui.window.switchToEditor"
"編集","アクティブ要素のフォーマット","Ctrl+I","構造化テキスト・エディターで編集","org.eclipse.wst.sse.ui.format.active.elements"
"SQL エディター","クイック・アウトライン","Ctrl+O","SQL コンテキスト","sqleditor.editor.commands.quickoutline"
"ファイル","プロパティー","Alt+Enter","ウィンドウ","org.eclipse.ui.file.properties"
"フォーカス UI","アクティブ・タスクにフォーカス","Alt+Shift+H","ウィンドウ","org.eclipse.mylyn.context.ui.commands.toggle.focus.active.view"
"検索","ファイル・クイック・メニュー内での出現箇所を表示","Ctrl+Shift+U","JavaScript ビュー","org.eclipse.wst.jsdt.ui.edit.text.java.search.occurrences.in.file.quickMenu"
"ナビゲート","ヒストリーを戻る","Alt+Left","ウィンドウ","org.eclipse.ui.navigate.backwardHistory"
"実行/デバッグ","指定行まで実行","Ctrl+R","デバッグ","org.eclipse.debug.ui.commands.RunToLine"
"編集","コンテキスト情報","Ctrl+Shift+Space","ダイアログまたはウィンドウ","org.eclipse.ui.edit.text.contentAssist.contextInformation"
"実行/デバッグ","TestNG スイートをカバレッジ","Alt+Shift+E, G","ウィンドウ","org.eclipse.eclemma.ui.testNgSuiteShortcut.coverage"
"実行/デバッグ","選択項目にステップ・イン","Ctrl+F5","デバッグ","org.eclipse.jdt.debug.ui.commands.StepIntoSelection"
"言語サーバー","クイック型階層","Ctrl+T","テキストの編集","org.eclipse.lsp4e.typeHierarchy"
"タスク・リポジトリー","新規サブタスク","Shift+Insert","タスク・ビュー","org.eclipse.mylyn.tasks.ui.command.new.subtask"
"ナビゲート","前の未読タスクへジャンプ","Alt+Up","タスク・ビュー","org.eclipse.mylyn.tasks.ui.command.goToPreviousUnread"
"TM4E 言語構成","行コメントの切り替え","Ctrl+Shift+C","テキストの編集","org.eclipse.tm4e.languageconfiguration.toggleLineCommentCommand"
"ナビゲート","前ページ","Ctrl+Shift+F5","Faces 構成エディター","org.eclipse.ui.part.previousPage"
"リファクタリング - Java","名前変更 - リファクタリング ","Ctrl+R, Ctrl+R","ウィンドウ","org.eclipse.jdt.ui.edit.text.java.rename.element"
"ファイル","印刷","Ctrl+P","ウィンドウ","org.eclipse.ui.file.print"
"ソース","ブロック・コメントの追加","Ctrl+Shift+/","JavaScript ソースの編集中","org.eclipse.wst.jsdt.ui.edit.text.java.add.block.comment"
"AnyEdit ツール","大/小文字を逆転","Ctrl+Alt+I","テキストの編集","AnyEdit.invertCase.command"
"ソース","出現箇所のマークのトグル","Alt+Shift+O","Java ソースの編集","org.eclipse.jdt.ui.edit.text.java.toggleMarkOccurrences"
"サーバー","デバッグ","Ctrl+Alt+D","サーバー・ビュー","org.eclipse.wst.server.debug"
"テキスト編集","ズームイン","Ctrl++","テキストの編集","org.eclipse.ui.edit.text.zoomIn"
"実行/デバッグ","レンダリングを閉じる","Ctrl+W","メモリー・ビュー内","org.eclipse.debug.ui.commands.closeRendering"
"編集","パターンの選択","Ctrl+Shift++","zip ファイルの編集中","zipeditor.command.selectPattern"
"テキスト編集","行の先頭","Home","テキストの編集","org.eclipse.ui.edit.text.goto.lineStart"
"タスク・リポジトリー","選択したタスクを開く","Ctrl+Enter","タスク・ビュー","org.eclipse.mylyn.tasks.ui.command.openSelectedTask"
"Glance","フォーカス・バックで戻る","Ctrl+Alt+F","Glance 検索コンテキスト","com.xored.glance.commands.focus"
"ターミナル・ビュー・コマンド","ターミナル・ビュー挿入","Alt+C","ターミナル入力接続","org.eclipse.tm.terminal.command1"
"テキスト編集","前の単語","Ctrl+Left","テキストの編集","org.eclipse.ui.edit.text.goto.wordPrevious"
"実行/デバッグ","すべてのインスタンス","Ctrl+Shift+N","ウィンドウ","org.eclipse.jdt.debug.ui.commands.AllInstances"
"ウィンドウ","ビューのメニューを表示","Ctrl+F10","ダイアログまたはウィンドウ","org.eclipse.ui.window.showViewMenu"
"ビュー","ビューの表示 (問題)","Alt+Shift+Q, X","ウィンドウ","org.eclipse.ui.views.showView"
"テキスト編集","折りたたみの切り替え","Ctrl+Numpad_Divide","テキストの編集","org.eclipse.ui.edit.text.folding.toggle"
"ナビゲート","パンくずリストで表示","Alt+Shift+B","エディター・パンくずリスト・ナビゲーション","org.eclipse.jdt.ui.edit.text.java.gotoBreadcrumb"
"テキスト編集","展開","Ctrl+Shift+Numpad_Add","テキストの編集","org.eclipse.ui.edit.text.folding.expand"
"検索","ワークスペース内の参照","Ctrl+Shift+G","ウィンドウ","org.eclipse.jdt.ui.edit.text.java.search.references.in.workspace"
"ビュー","ビューの表示","Alt+Shift+Q, D","ウィンドウ","org.eclipse.ui.views.showView"
"テキスト編集","大文字に変更","Ctrl+Shift+X","テキストの編集","org.eclipse.ui.edit.text.upperCase"
"実行/デバッグ","ステップ・フィルターの使用","Shift+F5","ウィンドウ","org.eclipse.debug.ui.commands.ToggleStepFilters"
"タスク・リポジトリー","タスクを既読としてマークし、次の未読タスクへジャンプ","Alt+Shift+Down","タスク・ビュー","org.eclipse.mylyn.tasks.ui.command.markTaskReadGoToNextUnread"
"編集","コンテンツ・アシスト","Ctrl+Space","ダイアログまたはウィンドウ","org.eclipse.ui.edit.text.contentAssist.proposals"
"実行/デバッグ","Spring Boot アプリの実行","Alt+Shift+X, B","ウィンドウ","org.springsource.ide.eclipse.boot.BootLaunchShortcut.run"
"ビュー","ビューの表示 (Javadoc)","Alt+Shift+Q, J","ウィンドウ","org.eclipse.ui.views.showView"
"ナビゲート","次へ","Ctrl+.","ウィンドウ","org.eclipse.ui.navigate.next"
"ビュー","ズームアウト","Ctrl+-","ウィンドウ","org.eclipse.gef.zoom_out"
"ナビゲート","型階層を開く","F4","ウィンドウ","org.eclipse.jdt.ui.edit.text.java.open.type.hierarchy"
"ナビゲート","添付された Javadoc を開く","Shift+F2","ウィンドウ","org.eclipse.jdt.ui.edit.text.java.open.external.javadoc"
"編集","名前変更","Ctrl+R, Ctrl+R","JSP ソースの編集","org.eclipse.jst.jsp.ui.refactor.rename"
"編集","貼り付け","Ctrl+V","ダイアログまたはウィンドウ","org.eclipse.ui.edit.paste"
"ナビゲート","前のメンバーへジャンプ","Ctrl+Shift+Up","Java ソースの編集","org.eclipse.jdt.ui.edit.text.java.goto.previous.member"
"タスク・リポジトリー","タスクを未読としてマーク","Alt+Shift+U","タスク・エディター","org.eclipse.mylyn.tasks.ui.command.markTaskUnread"
"ソース","ソース・クイック・メニューを表示","Alt+Shift+S","ウィンドウ","org.eclipse.jdt.ui.edit.text.java.source.quickMenu"
"ソース","ブロック・コメントの除去","Ctrl+Shift+\","JavaScript ソースの編集中","org.eclipse.wst.jsdt.ui.edit.text.java.remove.block.comment"
"ナビゲート","指定行へジャンプ","Ctrl+L","テキストの編集","org.eclipse.ui.edit.text.goto.line"
"テキスト編集","ズームイン","Ctrl+Numpad_Add","テキストの編集","org.eclipse.ui.edit.text.zoomIn"
"実行/デバッグ","Ant ビルドの実行","Alt+Shift+X, Q","ウィンドウ","org.eclipse.ant.ui.antShortcut.run"
"テキスト編集","ツールチップ説明の表示","F2","テキストの編集","org.eclipse.ui.edit.text.showInformation"
"ナビゲート","構造を開く","Ctrl+F3","JavaScript ソースの編集中","org.eclipse.wst.jsdt.ui.navigate.java.open.structure"
"タスク・リポジトリー","タスクを既読としてマーク","Alt+Shift+R","タスク・ビュー","org.eclipse.mylyn.tasks.ui.command.markTaskRead"
"テキスト編集","行の末尾まで選択","Shift+End","テキストの編集","org.eclipse.ui.edit.text.select.lineEnd"
"ソース","インデントの訂正","Ctrl+I","Java ソースの編集","org.eclipse.jdt.ui.edit.text.java.indent"
"編集","やり直し","Ctrl+Y","ダイアログまたはウィンドウ","org.eclipse.ui.edit.redo"
"AnyEdit ツール","キャメル <-> パスカルの変換","Ctrl+Alt+B","テキストの編集","AnyEdit.camelToPascal.command"
"AnyEdit ツール","カーソル上の型を開く","Ctrl+Alt+T","テキストの編集","AnyEdit.openTypeFromTextEditor.command"
"ナビゲート","次のメンバーへジャンプ","Ctrl+Shift+Down","JavaScript ソースの編集中","org.eclipse.wst.jsdt.ui.edit.text.java.goto.next.member"
"ナビゲート","型を開く","Ctrl+Shift+T","Java ソースの編集","org.eclipse.jdt.ui.navigate.open.type"
"Git","パスをクリップボードにコピー","Ctrl+C","Git リポジトリー・ビュー","org.eclipse.egit.ui.RepositoriesViewCopyPath"
"実行/デバッグ","Java ブレークポイント・プロパティー","Alt+Enter","ブレークポイント・ビュー内","org.eclipse.jdt.debug.ui.breakpoint.properties"
"ビュー","ビューの表示 (コンソール)","Alt+Shift+Q, C","ウィンドウ","org.eclipse.ui.views.showView"
"SQL エディター","対応する括弧に移動","Ctrl+Shift+P","SQL コンテキスト","sqleditor.editor.commands.gotomatchingbracket"
"言語サーバー","最後の選択範囲に復元","Alt+Shift+Down","汎用コード・エディター内","org.eclipse.lsp4e.selectionRange.down"
"ウィンドウ","提供プラグインの表示","Alt+Shift+F3","ダイアログまたはウィンドウ","org.eclipse.ui.window.spy"
"ビュー","ビューの表示","Alt+Shift+Q, T","ウィンドウ","org.eclipse.ui.views.showView"
"ウィンドウ","エディターをアクティブにする","F12","ウィンドウ","org.eclipse.ui.window.activateEditor"
"ナビゲート","タスクのリポジトリー検索","Ctrl+Shift+F12","ウィンドウ","org.eclipse.mylyn.tasks.ui.command.searchForTask"
"テキスト編集","行の先頭まで選択","Shift+Home","テキストの編集","org.eclipse.ui.edit.text.select.lineStart"
"ビュー","ビューの表示 (変数)","Alt+Shift+Q, V","ウィンドウ","org.eclipse.ui.views.showView"
"TM4E 言語構成","行コメントの切り替え","Ctrl+/","テキストの編集","org.eclipse.tm4e.languageconfiguration.toggleLineCommentCommand"
"実行/デバッグ","メモリー・ブロックの追加","Ctrl+Alt+M","メモリー・ビュー内","org.eclipse.debug.ui.commands.addMemoryMonitor"
"リファクタリング - Java","メソッドの抽出","Alt+Shift+M","ウィンドウ","org.eclipse.jdt.ui.edit.text.java.extract.method"
"タスク・リポジトリー","タスクを未完了としてマーク","Alt+Shift+I","タスク・ビュー","org.eclipse.mylyn.tasks.ui.command.markTaskIncomplete"
"言語サーバー","型階層を開く","F4","汎用コード・エディター内","org.eclipse.lsp4e.openTypeHierarchy"
"ターミナル・ビュー・コマンド","ターミナル・ビュー挿入","Alt+N","ターミナル入力接続","org.eclipse.tm.terminal.command1"
"言語サーバー","呼び出し階層を開く","Ctrl+Alt+H","汎用コード・エディター内","org.eclipse.lsp4e.openCallHierarchy"
"検索","ワークスペース内でテキストを検索","Ctrl+Alt+G","ウィンドウ","org.eclipse.search.ui.performTextSearchWorkspace"
"実行/デバッグ","JUnit テストをカバレッジ","Alt+Shift+E, T","ウィンドウ","org.eclipse.eclemma.ui.junitShortcut.coverage"
"テキスト編集","次の単語を選択","Ctrl+Shift+Right","テキストの編集","org.eclipse.ui.edit.text.select.wordNext"
"実行/デバッグ","Java アプリケーションの実行","Alt+Shift+X, J","ウィンドウ","org.eclipse.jdt.debug.ui.localJavaShortcut.run"
"ANSI サポート・コマンド","ANSI エスケープなしでテキストをコピー","Ctrl+Insert","コンソール・ビュー内","AnsiConsole.command.copy_without_escapes"
"ウィンドウ","前のパースペクティブ","Ctrl+Shift+F8","ウィンドウ","org.eclipse.ui.window.previousPerspective"
"検索","検索ダイアログを開く","Ctrl+H","ウィンドウ","org.eclipse.search.ui.openSearchDialog"
"SVN","ロック...","Ctrl+Alt+K","ウィンドウ","org.eclipse.team.svn.ui.command.LockCommand"
"ビュー","ビューの表示","Alt+Shift+Q, Q","ウィンドウ","org.eclipse.ui.views.showView"
"編集","コピー","Ctrl+Insert","ダイアログまたはウィンドウ","org.eclipse.ui.edit.copy"
"ナビゲート","宣言を開く","F3","ウィンドウ","org.eclipse.jdt.ui.edit.text.java.open.editor"
"ナビゲート","次ページ","Ctrl+F5","Faces 構成エディター","org.eclipse.ui.part.nextPage"
"テキスト編集","行の末尾まで削除","Ctrl+Shift+Delete","テキストの編集","org.eclipse.ui.edit.text.delete.line.to.end"
"クイック検索","クイック検索","Ctrl+Alt+Shift+L","ウィンドウ","org.eclipse.text.quicksearch.commands.quicksearchCommand"
"実行/デバッグ","次のメモリー・モニター","Ctrl+Alt+N","メモリー・ビュー内","org.eclipse.debug.ui.commands.nextMemoryBlock"
"ウィンドウ","アクションの検索","Ctrl+3","ウィンドウ","org.eclipse.ui.window.quickAccess"
"実行/デバッグ","実行","Ctrl+F11","ウィンドウ","org.eclipse.debug.ui.commands.RunLast"
"実行/デバッグ","JUnit テストのデバッグ","Alt+Shift+D, T","ウィンドウ","org.eclipse.jdt.junit.junitShortcut.debug"
"ファイル","すべて閉じる","Ctrl+Shift+F4","ウィンドウ","org.eclipse.ui.file.closeAll"
"AnyEdit ツール","先頭文字のみ大文字","Ctrl+Alt+C","テキストの編集","AnyEdit.capitalize.command"
"テキスト編集","次の単語を削除","Ctrl+Delete","テキストの編集","org.eclipse.ui.edit.text.deleteNextWord"
"Git","クイック・アウトライン","Ctrl+O","Diff ビューアー内","org.eclipse.egit.ui.commit.DiffEditorQuickOutlineCommand"
"ファイル","すべて閉じる","Ctrl+Shift+W","ウィンドウ","org.eclipse.ui.file.closeAll"
"ウィンドウ","Maven プロジェクトの更新","Alt+F5","ウィンドウ","org.eclipse.m2e.core.ui.command.updateProject"
"AnyEdit ツール","小文字に変換","Ctrl+Alt+L","テキストの編集","AnyEdit.toLowerCase.command"
"ナビゲート","次の未読タスクへジャンプ","Alt+Down","タスク・ビュー","org.eclipse.mylyn.tasks.ui.command.goToNextUnread"
"ソース","「囲む」クイック・メニュー","Alt+Shift+Z","JavaScript ビュー","org.eclipse.wst.jsdt.ui.edit.text.java.surround.with.quickMenu"
"ソース","Ant 出現箇所のマークの切り替え","Alt+Shift+O","Ant ビルド・ファイルの編集","org.eclipse.ant.ui.toggleMarkOccurrences"
"ビュー","ビューのリフレッシュ (Gradle タスク)","F5","Gradle タスク・ビュー","org.eclipse.buildship.ui.commands.refreshtaskview"
"ターミナル・ビュー・コマンド","ターミナル・ビュー挿入","Alt+A","ターミナル入力接続","org.eclipse.tm.terminal.command1"
"編集","Maven プラグインの追加","Ctrl+Shift+P","XML ソースの編集","org.eclipse.m2e.core.ui.command.addPlugin"
